﻿site_abbreviation,site_name,site_classification,lat,long,Dev_10,Dev_1,mean_temp,mean_rh,mean_hsi
COFR,Cofrin Nature Park,urban,29.661032,-82.394549,0.58,0.756,0.550980392,-1.050980392,0.844705882
JOMA,John Mahon Nature Park,urban,29.552633,-82.214277,0.611,0.642,0.544927536,-1.087681159,1.272463768
DEMI,Devil's Millhopper,suburban,29.706672,-82.394904,0.396,0.37,0.769120287,-0.259245961,0.898204668
BIVA,Bivens Arms Nature Park,suburban,29.61998,-82.333724,0.381,0.235,0.474153846,-1.344923077,0.631692308
BOWA,Boulware Springs Park,rural,29.62095,-82.307652,0.278,0.132,0.098666667,2.606666667,0.665333333
PRCR,Praire Creek Nature Preserve,suburban,29.585387,-82.23883,0.044,0.035,0.763671875,-0.752734375,0.9640625
AUCA,Austin Cary Forest,rural,29.729462,-82.229103,0.057,0.015,1.01755102,-1.108163265,1.332244898
RIST,Longleaf Flatwoods Reserve,rural,29.552505,-82.21267,0.012,0,0.729591837,1.572789116,1.2
BACA,Bartram-Carr Woods,urban,29.642755,-82.345043,0.58,0.948,0,0,0
